sku,upload
SE100390,/185974.jpg
SE100391,/185974-1.jpg
SE100392,/185974-2.jpg
SE100393,/185974-3.jpg
SE100394,/185974-4.jpg
SE100395,/185974-5.jpg
SE100396,/185974-6.jpg
SE100397,/185975.jpg
SE100398,/185975-1.jpg
SE100399,/185975-2.jpg
SE100400,/185975-3.jpg
SE100401,/185975-4.jpg
SE100402,/185975-5.jpg
SE100403,/185975-6.jpg
SE100404,/185975-7.jpg
SE100405,/185976.jpg
SE100406,/185976-1.jpg
SE100407,/185976-2.jpg
SE100408,/185976-3.jpg
SE100409,gümüş
SE100410,/185976-5.jpg
SE100411,/185976-6.jpg
SE100412,/185976-7.jpg
SE100413,/185976-8.jpg
SE100414,/185979.jpg
SE100415,/185979-1.jpg
SE100416,/185979-2.jpg
SE100417,/185979-3.jpg
SE100418,/185979-4.jpg
SE100419,/185979-5.jpg
SE100420,/185979-6.jpg
SE100421,/184132-16.jpg
SE100422,/184132-17.jpg
SE100423,/184132-7.jpg
SE100424,/184132-3.jpg
SE100425,/184132-4.jpg
SE100426,/184132-31.jpg
SE100427,/184132-14.jpg
SE100428,/184132-15.jpg
SE100429,/184132-29.jpg
SE100430,/184132-32.jpg
SE100431,/184132-30.jpg
SE100432,/184132-33.jpg
SE100433,/184132-19.jpg
SE100434,/184132-20.jpg
SE100435,/184132-27.jpg
SE100436,/184132-22.jpg
SE100437,/184132-11.jpg
SE100438,/184132-8.jpg
SE100439,/184132-10.jpg
SE100440,/184132-6.jpg
SE100441,/184132.jpg
SE100442,/184132-9.jpg
SE100443,/184132-7.jpg
SE100444,/184132-2.jpg
SE100445,/184132-18.jpg
SE100446,/184132-13.jpg
SE100447,/184132-1.jpg
SE100448,/184132.jpg
SE100449,/184132-22.jpg
SE100450,/184132-24.jpg
SE100451,/184132-26.jpg
SE100452,/184132-28.jpg
SE100453,/184132-25.jpg
SE100454,/184132-5.jpg
SE100455,/184132-12.jpg
SE100456,/184132-6.jpg
